title,content,tags,draft
SQL Injection test,DROP TABLE users; --,,false
XSS test,<script>alert('XSS')</script>,<script>,
Empty tag,Content with empty tag,Mental,false
,21345,normaltag,false
Special chars,,!@#$%^&*(),false
Long tag,,aaaaaaaaaaaaaaaaaaaaaaaaaaaaaaaaaaaaaaaaaaaaaaaaaaaaaaaaaaaaaaaaaaaaaaaaaaaaaaaaaaaaaaaaaaaaaaaaaaaa,false
Whitespace tag,Tag with spaces,tag with spaces,no
Unicode tag,,测试标签,
SQL keywords,Using SQL keywords as tag,SELECT,3==3
HTML entity,HTML entity tag,&lt;script&gt;,1==1


